<?xml version="1.0"?>
<!DOCTYPE hibernate-mapping PUBLIC "-//Hibernate/Hibernate Mapping DTD 3.0//EN"
"http://www.hibernate.org/dtd/hibernate-mapping-3.0.dtd">
<!-- Generated Jan 19, 2019 8:56:45 PM by Hibernate Tools 4.3.1 -->
<hibernate-mapping>
    <class name="pojo.Volumpoezii" table="volumpoezii" catalog="biblioteca" optimistic-lock="version">
        <id name="idvolumpoezii" type="java.lang.Integer">
            <column name="idvolumpoezii" />
            <generator class="identity" />
        </id>
        <many-to-one name="carti" class="pojo.Carti" fetch="select">
            <column name="idcarte" />
        </many-to-one>
        <many-to-one name="poeti" class="pojo.Poeti" fetch="select">
            <column name="idpoet" />
        </many-to-one>
        <property name="numeVolum" type="string">
            <column name="NumeVolum" length="45" />
        </property>
        <property name="dataLansare" type="string">
            <column name="DataLansare" length="45" />
        </property>
        <property name="tema" type="string">
            <column name="Tema" length="45" />
        </property>
    </class>
</hibernate-mapping>
